web_scraper_order,web_scraper_start_url,data,data2,image
"1775947065-1","https://www.nongchatmakeup.com/product/chat-professional-foundation-%e0%b8%89%e0%b8%b1%e0%b8%95%e0%b8%a3%e0%b8%a3%e0%b8%ad%e0%b8%87%e0%b8%9e%e0%b8%b7%e0%b9%89%e0%b8%99/","","",""
"1775947065-2","https://www.nongchatmakeup.com/product/chat-professional-foundation-%e0%b8%89%e0%b8%b1%e0%b8%95%e0%b8%a3%e0%b8%a3%e0%b8%ad%e0%b8%87%e0%b8%9e%e0%b8%b7%e0%b9%89%e0%b8%99/","","",""
"1775947065-3","https://www.nongchatmakeup.com/product/chat-professional-foundation-%e0%b8%89%e0%b8%b1%e0%b8%95%e0%b8%a3%e0%b8%a3%e0%b8%ad%e0%b8%87%e0%b8%9e%e0%b8%b7%e0%b9%89%e0%b8%99/","","",""
"1775947065-4","https://www.nongchatmakeup.com/product/chat-professional-foundation-%e0%b8%89%e0%b8%b1%e0%b8%95%e0%b8%a3%e0%b8%a3%e0%b8%ad%e0%b8%87%e0%b8%9e%e0%b8%b7%e0%b9%89%e0%b8%99/","Fundación Profesional CHAT (Fundación Chat,","Fundación Nong Chat",""
"1775947065-5","https://www.nongchatmakeup.com/product/chat-professional-foundation-%e0%b8%89%e0%b8%b1%e0%b8%95%e0%b8%a3%e0%b8%a3%e0%b8%ad%e0%b8%87%e0%b8%9e%e0%b8%b7%e0%b9%89%e0%b8%99/","Información sobre la base de maquillaje de Nong Chat: Una base de larga duración que ayuda a crear una tez hermosa y de aspecto natural en todos los sentidos. Disimula los poros y proporciona una cobertura perfecta gracias a una mezcla especial de ingredientes.","",""
"1775947065-6","https://www.nongchatmakeup.com/product/chat-professional-foundation-%e0%b8%89%e0%b8%b1%e0%b8%95%e0%b8%a3%e0%b8%a3%e0%b8%ad%e0%b8%87%e0%b8%9e%e0%b8%b7%e0%b9%89%e0%b8%99/","Esta base de maquillaje, formulada para retener la hidratación, mantiene la piel suave por más tiempo. Su textura ligera y sedosa","se",""
"1775947065-7","https://www.nongchatmakeup.com/product/chat-professional-foundation-%e0%b8%89%e0%b8%b1%e0%b8%95%e0%b8%a3%e0%b8%a3%e0%b8%ad%e0%b8%87%e0%b8%9e%e0%b8%b7%e0%b9%89%e0%b8%99/","","Nombre del producto: Base de maquillaje profesional SPF 15 PA+++",""
"1775947065-8","https://www.nongchatmakeup.com/product/chat-professional-foundation-%e0%b8%89%e0%b8%b1%e0%b8%95%e0%b8%a3%e0%b8%a3%e0%b8%ad%e0%b8%87%e0%b8%9e%e0%b8%b7%e0%b9%89%e0%b8%99/","Descripción del producto: Revela una piel naturalmente hermosa desde todos los ángulos con esta base de maquillaje de larga duración que ofrece una cobertura impecable y minimiza los poros gracias a sus ingredientes esenciales como minerales, proteínas, vitamina E y antioxidantes que retienen la hidratación para una tez sutil y duradera. Esta base de fácil aplicación proporciona un acabado suave y ligero, y está enriquecida con extracto de aceite de jojoba que nutre suavemente la piel. Además, cuenta con SPF 15 para protegerla de los rayos solares. Prepara tu piel para cualquier look de maquillaje con esta base impecable.","",""
"1775947065-9","https://www.nongchatmakeup.com/product/chat-professional-foundation-%e0%b8%89%e0%b8%b1%e0%b8%95%e0%b8%a3%e0%b8%a3%e0%b8%ad%e0%b8%87%e0%b8%9e%e0%b8%b7%e0%b9%89%e0%b8%99/","","",""
"1775947065-10","https://www.nongchatmakeup.com/product/chat-professional-foundation-%e0%b8%89%e0%b8%b1%e0%b8%95%e0%b8%a3%e0%b8%a3%e0%b8%ad%e0%b8%87%e0%b8%9e%e0%b8%b7%e0%b9%89%e0%b8%99/","","","https://www.nongchatmakeup.com/wp-content/uploads/2022/09/รองพื้นน้องฉัตร-สินค้าchat-cosmetic-.jpeg"
"1775947065-11","https://www.nongchatmakeup.com/product/chat-professional-foundation-%e0%b8%89%e0%b8%b1%e0%b8%95%e0%b8%a3%e0%b8%a3%e0%b8%ad%e0%b8%87%e0%b8%9e%e0%b8%b7%e0%b9%89%e0%b8%99/","","","https://www.nongchatmakeup.com/wp-content/uploads/2022/09/รองพื้นน้องฉัตร-นางแบบ-chat-cosmetic.jpeg"
"1775947065-12","https://www.nongchatmakeup.com/product/chat-professional-foundation-%e0%b8%89%e0%b8%b1%e0%b8%95%e0%b8%a3%e0%b8%a3%e0%b8%ad%e0%b8%87%e0%b8%9e%e0%b8%b7%e0%b9%89%e0%b8%99/","","","https://www.nongchatmakeup.com/wp-content/uploads/2022/09/CHAT-Professional-Foundation-.jpg"
"1775947065-13","https://www.nongchatmakeup.com/product/chat-professional-foundation-%e0%b8%89%e0%b8%b1%e0%b8%95%e0%b8%a3%e0%b8%a3%e0%b8%ad%e0%b8%87%e0%b8%9e%e0%b8%b7%e0%b9%89%e0%b8%99/","","",""
"1775947065-14","https://www.nongchatmakeup.com/product/chat-professional-foundation-%e0%b8%89%e0%b8%b1%e0%b8%95%e0%b8%a3%e0%b8%a3%e0%b8%ad%e0%b8%87%e0%b8%9e%e0%b8%b7%e0%b9%89%e0%b8%99/","Aplica la base de maquillaje en el rostro, el cuello y las zonas que necesiten cobertura. Difumina con los dedos o, para un acabado más uniforme, usa una esponja o una brocha de maquillaje. Deja que la base se fije sobre la piel.","Modo de empleo:",""
"1775947065-15","https://www.nongchatmakeup.com/product/chat-professional-foundation-%e0%b8%89%e0%b8%b1%e0%b8%95%e0%b8%a3%e0%b8%a3%e0%b8%ad%e0%b8%87%e0%b8%9e%e0%b8%b7%e0%b9%89%e0%b8%99/","Aplica la base de maquillaje en el rostro, el cuello y las zonas que necesiten cobertura, y difumínala suavemente con las yemas de los dedos. Para un acabado más uniforme, utiliza una esponja o brocha y deja que la base se seque.","Modo de empleo:",""
"1775947065-16","https://www.nongchatmakeup.com/product/chat-professional-foundation-%e0%b8%89%e0%b8%b1%e0%b8%95%e0%b8%a3%e0%b8%a3%e0%b8%ad%e0%b8%87%e0%b8%9e%e0%b8%b7%e0%b9%89%e0%b8%99/","","Advertencia",""
"1775947065-17","https://www.nongchatmakeup.com/product/chat-professional-foundation-%e0%b8%89%e0%b8%b1%e0%b8%95%e0%b8%a3%e0%b8%a3%e0%b8%ad%e0%b8%87%e0%b8%9e%e0%b8%b7%e0%b9%89%e0%b8%99/","","Precaución:",""
"1775947065-18","https://www.nongchatmakeup.com/product/chat-professional-foundation-%e0%b8%89%e0%b8%b1%e0%b8%95%e0%b8%a3%e0%b8%a3%e0%b8%ad%e0%b8%87%e0%b8%9e%e0%b8%b7%e0%b9%89%e0%b8%99/","","",""
"1775947065-19","https://www.nongchatmakeup.com/product/chat-professional-foundation-%e0%b8%89%e0%b8%b1%e0%b8%95%e0%b8%a3%e0%b8%a3%e0%b8%ad%e0%b8%87%e0%b8%9e%e0%b8%b7%e0%b9%89%e0%b8%99/","Técnicas profesionales de maquillaje para aplicar la prebase. ¡Veamos!","",""
"1775947065-20","https://www.nongchatmakeup.com/product/chat-professional-foundation-%e0%b8%89%e0%b8%b1%e0%b8%95%e0%b8%a3%e0%b8%a3%e0%b8%ad%e0%b8%87%e0%b8%9e%e0%b8%b7%e0%b9%89%e0%b8%99/","","",""
"1775947065-21","https://www.nongchatmakeup.com/product/chat-professional-foundation-%e0%b8%89%e0%b8%b1%e0%b8%95%e0%b8%a3%e0%b8%a3%e0%b8%ad%e0%b8%87%e0%b8%9e%e0%b8%b7%e0%b9%89%e0%b8%99/","","Opiniones de usuarios reales.",""
"1775947065-22","https://www.nongchatmakeup.com/product/chat-professional-foundation-%e0%b8%89%e0%b8%b1%e0%b8%95%e0%b8%a3%e0%b8%a3%e0%b8%ad%e0%b8%87%e0%b8%9e%e0%b8%b7%e0%b9%89%e0%b8%99/","","",""

-----------------------------------------------------------------------------------



Browit Highlight and Contour Pro Palette 3.5g x 4Colors
Mimic shadow and light-reflection with this Highlight and Contour Pro Palette that is loaded with highlight and 3 shades of contour to create prominent look as well as shaping the face with its pigmented color. Additionally, the highlight comes with finel
SKU: 3010500030012
Be the first to review this product


590฿499฿

-----------------------------------------------------------------------------------

Rouge Louboutin Velvet Matte
Labial mate - Rouge Louboutin 001M
Añadir a la lista de deseos - Rouge Louboutin Velvet Matte - Labial mate - Rouge Louboutin 001M
$105.00

-----------------------------------------------------------------------------------

Rouge Louboutin Velvet Matte
Labial mate - Rouge Louboutin 003G
Añadir a la lista de deseos - Rouge Louboutin Velvet Matte - Labial mate - Rouge Louboutin 001M
$105.00

---------------------------------------------------------------------------------

Rose Abricot. Un rosa anaranjado aterciopelado, como un albaricoque ruborizado bajo un rayo de sol.

Un colorete con acabado semimate cuyo motivo de compactación reproduce la superficie del twill de seda. Un polvo fino y sedoso para una tez luminosa y radiante durante más tiempo.

Su textura ultraligera y pigmentada, aireada y compacta al mismo tiempo, le permite modular la intensidad del color como desee, y reafirmarlo o difuminarlo con un solo gesto, para un resultado que puede variar entre la mayor naturalidad y la sofisticación extrema. El polvo de larga duración se adhiere a la piel desde el primer contacto.
Rose Hermès Silky Blush (colorete en polvo sedoso) se recarga con tan solo retirar y sustituir el godet del polvo. Los recambios se venden por separado.

Es un guijarro de luz blanco y dorado diseñado por Pierre Hardy en un estuche circular con espejo descentrado, que destaca por su ligereza, ya que está concebido para un uso nómada. Constituye un auténtico objeto Hermès, ya que se guarda en su caja naranja.


Mostrar más
Fabricado en Italia

Capacidad: 6 g

$105.00